utc_time,equity,balance
2026-07-15 18:57:00+00:00,10000.0000,10000.0000
2026-07-15 19:57:00+00:00,10000.0000,10000.0000
2026-07-15 21:21:00+00:00,10000.0000,10000.0000
2026-07-15 22:21:00+00:00,10000.0000,10000.0000
2026-07-15 23:21:00+00:00,10000.0000,10000.0000
2026-07-16 00:21:00+00:00,10000.0000,10000.0000
2026-07-16 01:21:00+00:00,10000.0000,10000.0000
2026-07-16 02:21:00+00:00,10000.0000,10000.0000
2026-07-16 03:21:00+00:00,10000.0000,10000.0000
2026-07-16 04:21:00+00:00,10000.0000,10000.0000
2026-07-16 05:21:00+00:00,10000.0000,10000.0000
2026-07-16 06:21:00+00:00,10000.0000,10000.0000
2026-07-16 07:21:00+00:00,10000.0000,10000.0000
2026-07-16 08:21:00+00:00,10000.0000,10000.0000
2026-07-16 09:21:00+00:00,10000.0000,10000.0000
2026-07-16 10:21:00+00:00,10000.0000,10000.0000
2026-07-16 11:21:00+00:00,10000.0000,10000.0000
2026-07-16 12:21:00+00:00,10000.0000,10000.0000
2026-07-16 13:21:00+00:00,10000.0000,10000.0000
2026-07-16 14:21:00+00:00,10000.0000,10000.0000
2026-07-16 15:21:00+00:00,10000.0000,10000.0000
2026-07-16 16:21:00+00:00,10000.0000,10000.0000
2026-07-16 17:21:00+00:00,10000.0000,10000.0000
2026-07-16 18:21:00+00:00,10000.0000,10000.0000
2026-07-16 19:21:00+00:00,10000.0000,10000.0000
2026-07-16 20:21:00+00:00,10000.0000,10000.0000
2026-07-16 21:37:00+00:00,10000.0000,10000.0000
2026-07-16 22:37:00+00:00,10000.0000,10000.0000
2026-07-16 23:37:00+00:00,10000.0000,10000.0000
2026-07-17 00:37:00+00:00,10000.0000,10000.0000
2026-07-17 01:37:00+00:00,10000.0000,10000.0000
2026-07-17 02:37:00+00:00,10000.0000,10000.0000
2026-07-17 03:37:00+00:00,10000.0000,10000.0000
2026-07-17 04:37:00+00:00,10000.0000,10000.0000
2026-07-17 05:37:00+00:00,10000.0000,10000.0000
2026-07-17 06:37:00+00:00,10000.0000,10000.0000
2026-07-17 07:37:00+00:00,10000.0000,10000.0000
2026-07-17 08:37:00+00:00,10000.0000,10000.0000
2026-07-17 09:37:00+00:00,10000.0000,10000.0000
2026-07-17 10:37:00+00:00,10000.0000,10000.0000
2026-07-17 11:37:00+00:00,10000.0000,10000.0000
2026-07-17 12:37:00+00:00,10000.0000,10000.0000
2026-07-17 13:37:00+00:00,10000.0000,10000.0000
2026-07-17 14:37:00+00:00,10000.0000,10000.0000
2026-07-17 15:37:00+00:00,10000.0000,10000.0000
2026-07-17 16:37:00+00:00,10000.0000,10000.0000
2026-07-17 17:37:00+00:00,10000.0000,10000.0000
2026-07-17 18:37:00+00:00,10000.0000,10000.0000
2026-07-17 19:37:00+00:00,10000.0000,10000.0000
2026-07-17 20:37:00+00:00,10000.0000,10000.0000
2026-07-19 21:50:00+00:00,10000.0000,10000.0000
2026-07-19 22:50:00+00:00,10000.0000,10000.0000
2026-07-19 23:50:00+00:00,10000.0000,10000.0000
2026-07-20 00:50:00+00:00,10000.0000,10000.0000
2026-07-20 01:50:00+00:00,10000.0000,10000.0000
2026-07-20 02:50:00+00:00,10000.0000,10000.0000
2026-07-20 03:50:00+00:00,10000.0000,10000.0000
2026-07-20 04:50:00+00:00,10000.0000,10000.0000
2026-07-20 05:50:00+00:00,10000.0000,10000.0000
2026-07-20 06:50:00+00:00,10000.0000,10000.0000
2026-07-20 07:50:00+00:00,10000.0000,10000.0000
2026-07-20 08:50:00+00:00,10000.0000,10000.0000
2026-07-20 09:50:00+00:00,10000.0000,10000.0000
2026-07-20 10:50:00+00:00,10000.0000,10000.0000
2026-07-20 11:50:00+00:00,10000.0000,10000.0000
2026-07-20 12:50:00+00:00,10000.0000,10000.0000
2026-07-20 13:50:00+00:00,10000.0000,10000.0000
2026-07-20 14:50:00+00:00,10000.0000,10000.0000
2026-07-20 15:50:00+00:00,10000.0000,10000.0000
2026-07-20 16:50:00+00:00,10000.0000,10000.0000
2026-07-20 17:50:00+00:00,10000.0000,10000.0000
2026-07-20 18:50:00+00:00,10000.0000,10000.0000
2026-07-20 19:50:00+00:00,10000.0000,10000.0000
2026-07-20 20:50:00+00:00,10000.0000,10000.0000
2026-07-20 22:04:00+00:00,10000.0000,10000.0000
2026-07-20 23:04:00+00:00,10000.0000,10000.0000
2026-07-21 00:04:00+00:00,10000.0000,10000.0000
2026-07-21 01:04:00+00:00,10000.0000,10000.0000
2026-07-21 02:04:00+00:00,10000.0000,10000.0000
2026-07-21 03:04:00+00:00,10000.0000,10000.0000
2026-07-21 04:04:00+00:00,10000.0000,10000.0000
2026-07-21 05:04:00+00:00,10000.0000,10000.0000
2026-07-21 06:04:00+00:00,10000.0000,10000.0000
2026-07-21 07:04:00+00:00,10000.0000,10000.0000
2026-07-21 08:04:00+00:00,10000.0000,10000.0000
2026-07-21 09:04:00+00:00,10000.0000,10000.0000
2026-07-21 10:04:00+00:00,10000.0000,10000.0000
2026-07-21 11:04:00+00:00,10000.0000,10000.0000
2026-07-21 12:04:00+00:00,10000.0000,10000.0000
2026-07-21 13:04:00+00:00,10000.0000,10000.0000
2026-07-21 14:04:00+00:00,10000.0000,10000.0000
2026-07-21 15:04:00+00:00,10000.0000,10000.0000
2026-07-21 16:04:00+00:00,10000.0000,10000.0000
2026-07-21 17:04:00+00:00,10000.0000,10000.0000
2026-07-21 18:04:00+00:00,10000.0000,10000.0000
2026-07-21 19:04:00+00:00,10000.0000,10000.0000
2026-07-21 20:04:00+00:00,10000.0000,10000.0000
2026-07-21 21:17:00+00:00,10000.0000,10000.0000
2026-07-21 22:18:00+00:00,10000.0000,10000.0000
2026-07-21 23:18:00+00:00,10000.0000,10000.0000
2026-07-22 00:19:00+00:00,10000.0000,10000.0000
2026-07-22 01:19:00+00:00,10000.0000,10000.0000
2026-07-22 02:19:00+00:00,10000.0000,10000.0000
2026-07-22 03:19:00+00:00,10000.0000,10000.0000
2026-07-22 04:19:00+00:00,10000.0000,10000.0000
2026-07-22 05:19:00+00:00,10000.0000,10000.0000
2026-07-22 06:19:00+00:00,10000.0000,10000.0000
2026-07-22 07:19:00+00:00,10000.0000,10000.0000
2026-07-22 08:19:00+00:00,10000.0000,10000.0000
2026-07-22 09:19:00+00:00,10000.0000,10000.0000
2026-07-22 10:19:00+00:00,10000.0000,10000.0000
2026-07-22 11:19:00+00:00,10000.0000,10000.0000
2026-07-22 12:19:00+00:00,10000.0000,10000.0000
2026-07-22 13:19:00+00:00,10000.0000,10000.0000
2026-07-22 14:19:00+00:00,10000.0000,10000.0000
2026-07-22 15:19:00+00:00,10000.0000,10000.0000
2026-07-22 16:19:00+00:00,10000.0000,10000.0000
2026-07-22 17:19:00+00:00,10000.0000,10000.0000
2026-07-22 18:19:00+00:00,10000.0000,10000.0000
2026-07-22 19:19:00+00:00,10000.0000,10000.0000
2026-07-22 20:19:00+00:00,10000.0000,10000.0000
2026-07-22 21:36:00+00:00,10000.0000,10000.0000
2026-07-22 22:36:00+00:00,10000.0000,10000.0000
2026-07-22 23:36:00+00:00,10000.0000,10000.0000
2026-07-23 00:36:00+00:00,10000.0000,10000.0000
2026-07-23 01:36:00+00:00,10000.0000,10000.0000
2026-07-23 02:36:00+00:00,10000.0000,10000.0000
2026-07-23 03:36:00+00:00,10000.0000,10000.0000
2026-07-23 04:36:00+00:00,10000.0000,10000.0000
2026-07-23 05:36:00+00:00,9988.6950,9999.5750
2026-07-23 06:36:00+00:00,9982.4050,9999.5750
2026-07-23 07:36:00+00:00,9973.4898,9973.4898
2026-07-23 08:36:00+00:00,9973.4898,9973.4898
2026-07-23 09:36:00+00:00,9973.4898,9973.4898
2026-07-23 10:36:00+00:00,9973.4898,9973.4898
2026-07-23 11:36:00+00:00,9973.4898,9973.4898
2026-07-23 12:36:00+00:00,9987.9698,9973.0898
2026-07-23 13:36:00+00:00,9984.6098,9973.0898
2026-07-23 14:36:00+00:00,10006.3698,9973.0898
2026-07-23 15:36:00+00:00,10009.7298,9973.0898
2026-07-23 16:36:00+00:00,9995.4898,9973.0898
2026-07-23 17:36:00+00:00,9998.0498,9973.0898
2026-07-23 18:36:00+00:00,9997.7298,9973.0898
2026-07-23 19:36:00+00:00,9994.0498,9973.0898
2026-07-23 20:36:00+00:00,9994.6898,9973.0898
2026-07-23 21:50:00+00:00,9993.4098,9973.0898
2026-07-23 22:51:00+00:00,9991.1042,9973.1842
2026-07-23 23:51:00+00:00,9993.8242,9973.1842
2026-07-24 00:51:00+00:00,9992.3842,9973.1842
2026-07-24 01:51:00+00:00,9980.5442,9973.1842
2026-07-24 02:51:00+00:00,9985.6642,9973.1842
2026-07-24 03:51:00+00:00,9987.2642,9973.1842
2026-07-24 04:51:00+00:00,9994.6242,9973.1842
2026-07-24 05:51:00+00:00,9991.2642,9973.1842
2026-07-24 06:51:00+00:00,9983.9042,9973.1842
2026-07-24 07:51:00+00:00,9972.5442,9973.1842
2026-07-24 08:51:00+00:00,9985.9842,9973.1842
2026-07-24 09:51:00+00:00,9980.2242,9973.1842
2026-07-24 10:51:00+00:00,9980.5442,9973.1842
2026-07-24 11:51:00+00:00,9994.1442,9973.1842
2026-07-24 12:51:00+00:00,10008.5442,9973.1842
2026-07-24 13:51:00+00:00,10003.9042,9973.1842
2026-07-24 14:51:00+00:00,9995.7442,9973.1842
2026-07-24 15:51:00+00:00,9980.3842,9973.1842
2026-07-24 16:51:00+00:00,9991.9042,9973.1842
2026-07-24 17:51:00+00:00,10009.5042,9973.1842
2026-07-24 18:51:00+00:00,10006.1442,9973.1842
2026-07-24 19:51:00+00:00,10004.5442,9973.1842
2026-07-24 20:51:00+00:00,10005.6642,9973.1842
2026-07-26 22:02:00+00:00,9958.6530,9973.3730
2026-07-26 23:02:00+00:00,9974.4930,9973.3730
2026-07-27 00:02:00+00:00,9963.4530,9973.3730
2026-07-27 01:02:00+00:00,9948.0081,9948.0081
2026-07-27 02:02:00+00:00,9948.0081,9948.0081
2026-07-27 03:02:00+00:00,9948.0081,9948.0081
2026-07-27 04:02:00+00:00,9948.0081,9948.0081
2026-07-27 05:02:00+00:00,9948.0081,9948.0081
2026-07-27 06:02:00+00:00,9945.6031,9947.6831
2026-07-27 07:02:00+00:00,9941.9631,9947.6831
2026-07-27 08:02:00+00:00,9931.6931,9947.6831
2026-07-27 09:02:00+00:00,9938.3231,9947.6831
2026-07-27 10:02:00+00:00,9934.2931,9947.6831
2026-07-27 11:02:00+00:00,9926.3631,9947.6831
2026-07-27 12:02:00+00:00,9922.7357,9922.7357
2026-07-27 13:02:00+00:00,9922.7357,9922.7357
2026-07-27 14:02:00+00:00,9915.2457,9922.3857
2026-07-27 15:02:00+00:00,9920.2857,9922.3857
2026-07-27 16:02:00+00:00,9916.7857,9922.3857
2026-07-27 17:02:00+00:00,9912.3057,9922.3857
2026-07-27 18:02:00+00:00,9920.5657,9922.3857
2026-07-27 19:02:00+00:00,9924.7657,9922.3857
2026-07-27 20:02:00+00:00,9920.8457,9922.3857
2026-07-27 21:14:00+00:00,9921.6857,9922.3857
2026-07-27 22:14:00+00:00,9922.8883,9922.4683
2026-07-27 23:14:00+00:00,9922.8883,9922.4683
2026-07-28 00:14:00+00:00,9924.8483,9922.4683
2026-07-28 01:14:00+00:00,9915.1883,9922.4683
2026-07-28 02:14:00+00:00,9917.1483,9922.4683
2026-07-28 03:14:00+00:00,9914.7683,9922.4683
2026-07-28 04:14:00+00:00,9921.6283,9922.4683
2026-07-28 05:14:00+00:00,9933.5283,9922.4683
2026-07-28 06:14:00+00:00,9927.0883,9922.4683
2026-07-28 07:14:00+00:00,9918.2683,9922.4683
2026-07-28 08:14:00+00:00,9925.2683,9922.4683
2026-07-28 09:14:00+00:00,9927.0883,9922.4683
2026-07-28 10:14:00+00:00,9941.2283,9922.4683
2026-07-28 11:14:00+00:00,9938.9883,9922.4683
2026-07-28 12:14:00+00:00,9929.1883,9922.4683
2026-07-28 13:14:00+00:00,9926.9483,9922.4683
2026-07-28 14:14:00+00:00,9917.2883,9922.4683
2026-07-28 15:14:00+00:00,9897.5284,9897.5284
2026-07-28 16:14:00+00:00,9897.5284,9897.5284
2026-07-28 17:14:00+00:00,9897.5284,9897.5284
2026-07-28 18:14:00+00:00,9897.5284,9897.5284
2026-07-28 19:14:00+00:00,9897.5284,9897.5284
2026-07-28 20:14:00+00:00,9897.5284,9897.5284
2026-07-28 21:28:00+00:00,9897.5284,9897.5284
2026-07-28 22:28:00+00:00,9897.5284,9897.5284
2026-07-28 23:28:00+00:00,9891.2984,9897.1784
2026-07-29 00:28:00+00:00,9896.7584,9897.1784
2026-07-29 01:28:00+00:00,9899.4184,9897.1784
2026-07-29 02:28:00+00:00,9903.0584,9897.1784
2026-07-29 03:28:00+00:00,9911.0384,9897.1784
2026-07-29 04:28:00+00:00,9912.8584,9897.1784
2026-07-29 05:28:00+00:00,9911.7384,9897.1784
2026-07-29 06:28:00+00:00,9902.7784,9897.1784
2026-07-29 07:28:00+00:00,9906.8384,9897.1784
2026-07-29 08:28:00+00:00,9905.7184,9897.1784
2026-07-29 09:28:00+00:00,9905.0184,9897.1784
2026-07-29 10:28:00+00:00,9897.5984,9897.1784
2026-07-29 11:28:00+00:00,9893.6784,9897.1784
2026-07-29 12:28:00+00:00,9882.6184,9897.1784
2026-07-29 13:28:00+00:00,9893.9584,9897.1784
2026-07-29 14:28:00+00:00,9903.0584,9897.1784
2026-07-29 15:28:00+00:00,9884.8584,9897.1784
2026-07-29 16:28:00+00:00,9886.9584,9897.1784
2026-07-29 17:28:00+00:00,9898.7184,9897.1784
2026-07-29 18:28:00+00:00,9944.9900,9944.9900
2026-07-29 19:28:00+00:00,9944.9900,9944.9900
2026-07-29 20:28:00+00:00,9941.5950,9944.8150
2026-07-29 21:38:00+00:00,9947.4750,9944.8150
2026-07-29 22:38:00+00:00,9954.9412,9943.3912
2026-07-29 23:38:00+00:00,9954.2412,9943.3912
2026-07-30 00:38:00+00:00,9945.0712,9943.3912
2026-07-30 01:38:00+00:00,9946.8212,9943.3912
2026-07-30 02:38:00+00:00,9942.9012,9943.3912
2026-07-30 03:38:00+00:00,9939.6112,9943.3912
2026-07-30 04:38:00+00:00,9939.4012,9943.3912
2026-07-30 05:38:00+00:00,9944.0212,9943.3912
2026-07-30 06:38:00+00:00,9934.3612,9943.3912
2026-07-30 07:38:00+00:00,9934.9912,9943.3912
2026-07-30 08:38:00+00:00,9944.3012,9943.3912
2026-07-30 09:38:00+00:00,9960.8912,9943.3912
2026-07-30 10:38:00+00:00,9972.3712,9943.3912
2026-07-30 11:38:00+00:00,9961.1012,9943.3912
2026-07-30 12:38:00+00:00,9970.9712,9943.3912
2026-07-30 13:38:00+00:00,9973.9112,9943.3912
2026-07-30 14:38:00+00:00,9997.8293,9997.8293
2026-07-30 15:38:00+00:00,9997.8293,9997.8293
2026-07-30 16:38:00+00:00,9997.8293,9997.8293
2026-07-30 17:38:00+00:00,9997.8293,9997.8293
2026-07-30 18:38:00+00:00,9997.8293,9997.8293
2026-07-30 19:38:00+00:00,9997.8293,9997.8293
2026-07-30 20:38:00+00:00,9997.8293,9997.8293
2026-07-30 21:51:00+00:00,9997.8293,9997.8293
2026-07-30 22:51:00+00:00,9997.8293,9997.8293
2026-07-30 23:51:00+00:00,9997.8293,9997.8293
2026-07-31 00:51:00+00:00,9997.8293,9997.8293
2026-07-31 01:51:00+00:00,9997.8293,9997.8293
2026-07-31 02:51:00+00:00,9997.8293,9997.8293
2026-07-31 03:51:00+00:00,9997.8293,9997.8293
2026-07-31 04:51:00+00:00,9997.8293,9997.8293
2026-07-31 05:51:00+00:00,9997.8293,9997.8293
2026-07-31 06:51:00+00:00,9997.8293,9997.8293
2026-07-31 07:51:00+00:00,9997.8293,9997.8293
2026-07-31 08:51:00+00:00,9997.8293,9997.8293
2026-07-31 09:51:00+00:00,9997.8293,9997.8293
2026-07-31 10:51:00+00:00,9997.8293,9997.8293
2026-07-31 11:51:00+00:00,9997.8293,9997.8293
2026-07-31 12:51:00+00:00,9997.8293,9997.8293
2026-07-31 13:51:00+00:00,9997.8293,9997.8293
2026-07-31 14:51:00+00:00,9997.8293,9997.8293
2026-07-31 15:51:00+00:00,9997.8293,9997.8293
2026-07-31 16:51:00+00:00,9997.8293,9997.8293
2026-07-31 17:51:00+00:00,9997.8293,9997.8293
2026-07-31 18:51:00+00:00,9997.8293,9997.8293
2026-07-31 19:51:00+00:00,9997.8293,9997.8293
2026-07-31 20:51:00+00:00,9997.8293,9997.8293
2026-08-02 22:01:00+00:00,9997.8293,9997.8293
2026-08-02 23:01:00+00:00,9997.8293,9997.8293
2026-08-03 00:01:00+00:00,9997.8293,9997.8293
2026-08-03 01:01:00+00:00,9997.8293,9997.8293
2026-08-03 02:01:00+00:00,9997.8293,9997.8293
2026-08-03 03:01:00+00:00,9997.8293,9997.8293
2026-08-03 04:01:00+00:00,9997.8293,9997.8293
2026-08-03 05:01:00+00:00,9997.8293,9997.8293
2026-08-03 06:01:00+00:00,9997.8293,9997.8293
2026-08-03 07:01:00+00:00,9997.8293,9997.8293
2026-08-03 08:01:00+00:00,9997.8293,9997.8293
2026-08-03 09:01:00+00:00,9997.8293,9997.8293
2026-08-03 10:01:00+00:00,9997.8293,9997.8293
2026-08-03 11:01:00+00:00,9997.8293,9997.8293
2026-08-03 12:01:00+00:00,9997.8293,9997.8293
2026-08-03 13:01:00+00:00,9997.8293,9997.8293
2026-08-03 14:01:00+00:00,9997.8293,9997.8293
2026-08-03 15:01:00+00:00,9997.8293,9997.8293
2026-08-03 16:01:00+00:00,9997.8293,9997.8293
2026-08-03 17:01:00+00:00,9997.8293,9997.8293
2026-08-03 18:01:00+00:00,9997.8293,9997.8293
2026-08-03 19:01:00+00:00,9997.8293,9997.8293
2026-08-03 20:01:00+00:00,9997.8293,9997.8293
2026-08-03 21:12:00+00:00,9997.8293,9997.8293
2026-08-03 22:13:00+00:00,9997.8293,9997.8293
2026-08-03 23:13:00+00:00,9997.8293,9997.8293
2026-08-04 00:13:00+00:00,9997.8293,9997.8293
2026-08-04 01:13:00+00:00,9997.8293,9997.8293
2026-08-04 02:13:00+00:00,9997.8293,9997.8293
2026-08-04 03:13:00+00:00,9990.3293,9997.5293
2026-08-04 04:13:00+00:00,9994.1693,9997.5293
2026-08-04 05:13:00+00:00,9996.6893,9997.5293
2026-08-04 06:13:00+00:00,9993.4493,9997.5293
2026-08-04 07:13:00+00:00,9984.4493,9997.5293
2026-08-04 08:13:00+00:00,9982.5293,9997.5293
2026-08-04 09:13:00+00:00,9973.3720,9973.3720
2026-08-04 10:13:00+00:00,9973.3720,9973.3720
2026-08-04 11:13:00+00:00,9973.3720,9973.3720
2026-08-04 12:13:00+00:00,9973.3720,9973.3720
2026-08-04 13:13:00+00:00,9965.7270,9973.0970
2026-08-04 14:13:00+00:00,9976.9470,9973.0970
2026-08-04 15:13:00+00:00,9968.6970,9973.0970
2026-08-04 16:13:00+00:00,9980.7970,9973.0970
2026-08-04 17:13:00+00:00,9968.6970,9973.0970
2026-08-04 18:13:00+00:00,9965.5070,9973.0970
2026-08-04 19:13:00+00:00,9976.1770,9973.0970
2026-08-04 20:13:00+00:00,9976.6170,9973.0970
2026-08-04 21:25:00+00:00,9969.9070,9973.0970
2026-08-04 22:25:00+00:00,9974.1112,9972.3512
2026-08-04 23:25:00+00:00,9973.3412,9972.3512
2026-08-05 00:25:00+00:00,9979.7212,9972.3512
2026-08-05 01:25:00+00:00,9969.2712,9972.3512
2026-08-05 02:25:00+00:00,9977.6312,9972.3512
2026-08-05 03:25:00+00:00,9983.0212,9972.3512
2026-08-05 04:25:00+00:00,9984.1212,9972.3512
2026-08-05 05:25:00+00:00,9979.6112,9972.3512
2026-08-05 06:25:00+00:00,9978.2912,9972.3512
2026-08-05 07:25:00+00:00,9985.2212,9972.3512
2026-08-05 08:25:00+00:00,9991.1612,9972.3512
2026-08-05 09:25:00+00:00,9988.7412,9972.3512
2026-08-05 10:25:00+00:00,9991.3812,9972.3512
2026-08-05 11:25:00+00:00,10004.6912,9972.3512
2026-08-05 12:25:00+00:00,10009.0912,9972.3512
2026-08-05 13:25:00+00:00,9997.6512,9972.3512
2026-08-05 14:25:00+00:00,10010.1912,9972.3512
2026-08-05 15:25:00+00:00,9992.8112,9972.3512
2026-08-05 16:25:00+00:00,9990.3912,9972.3512
2026-08-05 17:25:00+00:00,9985.8812,9972.3512
2026-08-05 18:25:00+00:00,9996.5512,9972.3512
2026-08-05 19:25:00+00:00,9990.3912,9972.3512
2026-08-05 20:25:00+00:00,9989.2912,9972.3512
2026-08-05 21:35:00+00:00,9983.3512,9972.3512
2026-08-05 22:35:00+00:00,9990.2438,9970.1138
2026-08-05 23:35:00+00:00,9991.3438,9970.1138
2026-08-06 00:35:00+00:00,9992.9938,9970.1138
2026-08-06 01:35:00+00:00,9992.5538,9970.1138
2026-08-06 02:35:00+00:00,9992.5538,9970.1138
2026-08-06 03:35:00+00:00,9985.1838,9970.1138
2026-08-06 04:35:00+00:00,9982.8738,9970.1138
2026-08-06 05:35:00+00:00,9980.1238,9970.1138
2026-08-06 06:35:00+00:00,9980.5638,9970.1138
2026-08-06 07:35:00+00:00,9981.8838,9970.1138
2026-08-06 08:35:00+00:00,9986.8338,9970.1138
2026-08-06 09:35:00+00:00,9982.9838,9970.1138
2026-08-06 10:35:00+00:00,9982.1038,9970.1138
2026-08-06 11:35:00+00:00,9985.0738,9970.1138
2026-08-06 12:35:00+00:00,9993.7638,9970.1138
2026-08-06 13:35:00+00:00,9996.0738,9970.1138
2026-08-06 14:35:00+00:00,9990.5738,9970.1138
2026-08-06 15:35:00+00:00,9974.9538,9970.1138
2026-08-06 16:35:00+00:00,9975.8338,9970.1138
2026-08-06 17:35:00+00:00,9975.8338,9970.1138
2026-08-06 18:35:00+00:00,9977.5938,9970.1138
2026-08-06 19:35:00+00:00,9973.7438,9970.1138
2026-08-06 20:35:00+00:00,9965.8438,9969.6638
2026-08-06 21:50:00+00:00,9962.9638,9969.6638
2026-08-06 22:50:00+00:00,9966.3342,9969.0242
2026-08-06 23:50:00+00:00,9966.8842,9969.0242
2026-08-07 00:50:00+00:00,9967.1642,9969.0242
2026-08-07 01:50:00+00:00,9948.9842,9968.8142
2026-08-07 02:50:00+00:00,9947.8142,9968.8142
2026-08-07 03:50:00+00:00,9953.3342,9968.8142
2026-08-07 04:50:00+00:00,9946.2542,9968.8142
2026-08-07 05:50:00+00:00,9945.2942,9968.8142
2026-08-07 06:50:00+00:00,9949.6742,9968.8142
2026-08-07 07:50:00+00:00,9957.0842,9968.8142
2026-08-07 08:50:00+00:00,9958.4942,9968.8142
2026-08-07 09:50:00+00:00,9954.3542,9968.8142
2026-08-07 10:50:00+00:00,9962.0642,9968.8142
2026-08-07 11:50:00+00:00,9938.0139,9942.8139
2026-08-07 12:50:00+00:00,9917.7962,9917.7962
2026-08-07 13:50:00+00:00,9917.7962,9917.7962
2026-08-07 14:50:00+00:00,9904.6712,9917.2712
2026-08-07 15:50:00+00:00,9914.3312,9917.2712
2026-08-07 16:50:00+00:00,9929.3912,9917.2712
2026-08-07 17:50:00+00:00,9920.1512,9917.2712
2026-08-07 18:50:00+00:00,9926.3012,9917.2712
2026-08-07 19:50:00+00:00,9925.3412,9917.2712
2026-08-07 20:50:00+00:00,9907.6412,9917.2712
2026-08-09 22:00:00+00:00,9910.5764,9913.3964
2026-08-09 23:00:00+00:00,9901.3064,9913.3964
2026-08-10 00:00:00+00:00,9903.3464,9913.3964
2026-08-10 01:00:00+00:00,9904.2164,9913.3964
2026-08-10 02:00:00+00:00,9897.7364,9913.3964
2026-08-10 03:00:00+00:00,9890.8364,9913.3964
2026-08-10 04:00:00+00:00,9889.0064,9913.3964
2026-08-10 05:00:00+00:00,9893.1764,9913.3964
2026-08-10 06:00:00+00:00,9903.8564,9913.3964
2026-08-10 07:00:00+00:00,9903.5564,9913.3964
2026-08-10 08:00:00+00:00,9913.0064,9913.3964
2026-08-10 09:00:00+00:00,9917.6864,9913.3964
2026-08-10 10:00:00+00:00,9905.8064,9913.3964
2026-08-10 11:00:00+00:00,9912.5264,9913.3964
2026-08-10 12:00:00+00:00,9904.5464,9913.3964
2026-08-10 13:00:00+00:00,9897.4364,9913.3964
2026-08-10 14:00:00+00:00,9903.9464,9913.3964
2026-08-10 15:00:00+00:00,9922.4264,9913.3964
2026-08-10 16:00:00+00:00,9929.8064,9913.3964
2026-08-10 17:00:00+00:00,9912.7664,9913.3964
2026-08-10 18:00:00+00:00,9899.0136,9888.3036
2026-08-10 19:00:00+00:00,9899.6436,9888.3036
2026-08-10 20:00:00+00:00,9901.1736,9888.3036
2026-08-10 21:14:00+00:00,9896.9436,9888.3036
2026-08-10 22:14:00+00:00,9899.0334,9887.6934
2026-08-10 23:14:00+00:00,9899.3934,9887.6934
2026-08-11 00:14:00+00:00,9902.6334,9887.6934
2026-08-11 01:14:00+00:00,9902.5434,9887.6934
2026-08-11 02:14:00+00:00,9901.3734,9887.6934
2026-08-11 03:14:00+00:00,9899.5734,9887.6934
2026-08-11 04:14:00+00:00,9902.0934,9887.6934
2026-08-11 05:14:00+00:00,9899.5734,9887.6934
2026-08-11 06:14:00+00:00,9896.5984,9887.1184
2026-08-11 07:14:00+00:00,9894.3984,9887.1184
2026-08-11 08:14:00+00:00,9901.4384,9887.1184
2026-08-11 09:14:00+00:00,9898.1684,9887.1184
2026-08-11 10:14:00+00:00,9895.8784,9887.1184
2026-08-11 11:14:00+00:00,9881.1884,9887.1184
2026-08-11 12:14:00+00:00,9887.0984,9887.1184
2026-08-11 13:14:00+00:00,9880.5984,9887.1184
2026-08-11 14:14:00+00:00,9867.1117,9861.1717
2026-08-11 15:14:00+00:00,9868.1017,9861.1717
2026-08-11 16:14:00+00:00,9872.0617,9861.1717
2026-08-11 17:14:00+00:00,9863.7817,9861.1717
2026-08-11 18:14:00+00:00,9864.8617,9861.1717
2026-08-11 19:14:00+00:00,9870.0817,9861.1717
2026-08-11 20:14:00+00:00,9871.7917,9861.1717
2026-08-11 21:31:00+00:00,9867.9217,9861.1717
2026-08-11 22:32:00+00:00,9873.8815,9860.5615
2026-08-11 23:32:00+00:00,9871.9915,9860.5615
2026-08-12 00:32:00+00:00,9874.3315,9860.5615
2026-08-12 01:32:00+00:00,9869.3815,9860.5615
2026-08-12 02:32:00+00:00,9870.0115,9860.5615
2026-08-12 03:32:00+00:00,9871.2715,9860.5615
2026-08-12 04:32:00+00:00,9869.2015,9860.5615
2026-08-12 05:32:00+00:00,9869.1115,9860.5615
2026-08-12 06:32:00+00:00,9868.3915,9860.5615
2026-08-12 07:32:00+00:00,9872.8915,9860.5615
2026-08-12 08:32:00+00:00,9874.6015,9860.5615
2026-08-12 09:32:00+00:00,9880.9015,9860.5615
2026-08-12 10:32:00+00:00,9883.3315,9860.5615
2026-08-12 11:32:00+00:00,9883.1515,9860.5615
2026-08-12 12:32:00+00:00,9888.1015,9860.5615
2026-08-12 13:32:00+00:00,9892.6915,9860.5615
2026-08-12 14:32:00+00:00,9878.2915,9860.5615
2026-08-12 15:32:00+00:00,9871.4515,9860.5615
2026-08-12 16:32:00+00:00,9872.6115,9860.1615
2026-08-12 17:32:00+00:00,9873.3115,9860.1615
2026-08-12 18:32:00+00:00,9878.1315,9860.1615
2026-08-12 19:32:00+00:00,9878.6915,9860.1615
2026-08-12 20:32:00+00:00,9877.5515,9860.1615
2026-08-12 21:46:00+00:00,9880.1715,9860.1615
2026-08-12 22:46:00+00:00,9873.0741,9858.6141
2026-08-12 23:46:00+00:00,9872.0591,9858.2991
2026-08-13 00:46:00+00:00,9868.3791,9858.2991
2026-08-13 01:46:00+00:00,9871.8991,9858.2991
2026-08-13 02:46:00+00:00,9880.3791,9858.2991
2026-08-13 03:46:00+00:00,9879.2591,9858.2991
2026-08-13 04:46:00+00:00,9877.6591,9858.2991
2026-08-13 05:46:00+00:00,9877.3391,9858.2991
2026-08-13 06:46:00+00:00,9888.3791,9858.2991
2026-08-13 07:46:00+00:00,9872.8591,9858.2991
2026-08-13 08:46:00+00:00,9871.8991,9858.2991
2026-08-13 09:46:00+00:00,9864.6991,9858.2991
2026-08-13 10:46:00+00:00,9857.1791,9858.2991
2026-08-13 11:46:00+00:00,9857.1791,9858.2991
2026-08-13 12:46:00+00:00,9860.2191,9858.2991
2026-08-13 13:46:00+00:00,9860.3791,9858.2991
2026-08-13 14:46:00+00:00,9849.4991,9858.2991
2026-08-13 15:46:00+00:00,9860.0591,9858.2991
2026-08-13 16:46:00+00:00,9868.0591,9858.2991
2026-08-13 17:46:00+00:00,9869.4991,9858.2991
2026-08-13 18:46:00+00:00,9866.7791,9858.2991
2026-08-13 19:46:00+00:00,9869.4991,9858.2991
2026-08-13 20:46:00+00:00,9868.8591,9858.2991
2026-08-13 21:59:00+00:00,9871.2591,9858.2991
2026-08-13 22:59:00+00:00,9864.9535,9858.3935
2026-08-13 23:59:00+00:00,9861.1135,9858.3935
2026-08-14 00:59:00+00:00,9853.5935,9858.3935
2026-08-14 01:59:00+00:00,9860.6335,9858.3935
2026-08-14 02:59:00+00:00,9860.3135,9858.3935
2026-08-14 03:59:00+00:00,9855.5135,9858.3935
2026-08-14 04:59:00+00:00,9853.1135,9858.3935
2026-08-14 05:59:00+00:00,9848.1535,9858.3935
2026-08-14 06:59:00+00:00,9843.5185,9845.7285
2026-08-14 07:59:00+00:00,9854.2285,9845.7285
2026-08-14 08:59:00+00:00,9862.5585,9845.7285
2026-08-14 09:59:00+00:00,9860.8585,9845.7285
2026-08-14 10:59:00+00:00,9862.5585,9845.7285
2026-08-14 11:59:00+00:00,9888.2544,9888.2544
2026-08-14 12:59:00+00:00,9888.2544,9888.2544
2026-08-14 13:59:00+00:00,9888.2544,9888.2544
2026-08-14 14:59:00+00:00,9888.2544,9888.2544
2026-08-14 15:59:00+00:00,9888.2544,9888.2544
2026-08-14 16:59:00+00:00,9888.2544,9888.2544
2026-08-14 17:59:00+00:00,9888.2544,9888.2544
2026-08-14 18:59:00+00:00,9888.2544,9888.2544
2026-08-14 19:59:00+00:00,9888.2544,9888.2544
2026-08-16 21:09:00+00:00,9888.2544,9888.2544
2026-08-16 22:10:00+00:00,9888.2544,9888.2544
2026-08-16 23:10:00+00:00,9888.2544,9888.2544
2026-08-17 00:10:00+00:00,9888.2544,9888.2544
2026-08-17 01:10:00+00:00,9888.2544,9888.2544
2026-08-17 02:10:00+00:00,9888.2544,9888.2544
2026-08-17 03:10:00+00:00,9888.2544,9888.2544
2026-08-17 04:10:00+00:00,9888.2544,9888.2544
2026-08-17 05:10:00+00:00,9888.2544,9888.2544
2026-08-17 06:10:00+00:00,9888.2544,9888.2544
2026-08-17 07:10:00+00:00,9888.2544,9888.2544
2026-08-17 08:10:00+00:00,9888.2544,9888.2544
2026-08-17 09:10:00+00:00,9888.2544,9888.2544
2026-08-17 10:10:00+00:00,9888.2544,9888.2544
2026-08-17 11:10:00+00:00,9888.2544,9888.2544
2026-08-17 12:10:00+00:00,9888.2544,9888.2544
2026-08-17 13:10:00+00:00,9888.2544,9888.2544
2026-08-17 14:10:00+00:00,9888.2544,9888.2544
2026-08-17 15:10:00+00:00,9888.2544,9888.2544
2026-08-17 16:10:00+00:00,9888.2544,9888.2544
2026-08-17 17:10:00+00:00,9888.2544,9888.2544
2026-08-17 18:10:00+00:00,9888.2544,9888.2544
2026-08-17 19:10:00+00:00,9888.2544,9888.2544
2026-08-17 20:10:00+00:00,9888.2544,9888.2544
2026-08-17 21:23:00+00:00,9888.2544,9888.2544
2026-08-17 22:23:00+00:00,9888.2544,9888.2544
2026-08-17 23:23:00+00:00,9888.2544,9888.2544
2026-08-18 00:23:00+00:00,9888.2544,9888.2544
2026-08-18 01:23:00+00:00,9888.2544,9888.2544
2026-08-18 02:23:00+00:00,9888.2544,9888.2544
2026-08-18 03:23:00+00:00,9888.2544,9888.2544
2026-08-18 04:23:00+00:00,9888.2544,9888.2544
2026-08-18 05:23:00+00:00,9888.2544,9888.2544
2026-08-18 06:23:00+00:00,9888.2544,9888.2544
2026-08-18 07:23:00+00:00,9888.2544,9888.2544
2026-08-18 08:23:00+00:00,9888.2544,9888.2544
2026-08-18 09:23:00+00:00,9888.2544,9888.2544
2026-08-18 10:23:00+00:00,9888.2544,9888.2544
2026-08-18 11:23:00+00:00,9888.2544,9888.2544
2026-08-18 12:23:00+00:00,9888.2544,9888.2544
2026-08-18 13:23:00+00:00,9888.2544,9888.2544
2026-08-18 14:23:00+00:00,9888.2544,9888.2544
2026-08-18 15:23:00+00:00,9888.2544,9888.2544
2026-08-18 16:23:00+00:00,9888.2544,9888.2544
2026-08-18 17:23:00+00:00,9888.2544,9888.2544
2026-08-18 18:23:00+00:00,9888.2544,9888.2544
2026-08-18 19:23:00+00:00,9888.2544,9888.2544
2026-08-18 20:23:00+00:00,9888.2544,9888.2544
2026-08-18 21:35:00+00:00,9888.2544,9888.2544
2026-08-18 22:35:00+00:00,9888.2544,9888.2544
2026-08-18 23:35:00+00:00,9881.1344,9887.8544
2026-08-19 00:35:00+00:00,9878.4144,9887.8544
2026-08-19 01:35:00+00:00,9887.5344,9887.8544
2026-08-19 02:35:00+00:00,9872.6544,9887.8544
2026-08-19 03:35:00+00:00,9863.1214,9863.1214
2026-08-19 04:35:00+00:00,9863.1214,9863.1214
2026-08-19 05:35:00+00:00,9856.0364,9862.7964
2026-08-19 06:35:00+00:00,9867.3464,9862.7964
2026-08-19 07:35:00+00:00,9869.2964,9862.7964
2026-08-19 08:35:00+00:00,9871.7664,9862.7964
2026-08-19 09:35:00+00:00,9874.2364,9862.7964
2026-08-19 10:35:00+00:00,9883.3364,9862.7964
2026-08-19 11:35:00+00:00,9871.6364,9862.7964
2026-08-19 12:35:00+00:00,9897.6364,9862.7964
2026-08-19 13:35:00+00:00,9906.8309,9906.8309
2026-08-19 14:35:00+00:00,9906.8309,9906.8309
2026-08-19 15:35:00+00:00,9906.8309,9906.8309
2026-08-19 16:35:00+00:00,9906.8309,9906.8309
2026-08-19 17:35:00+00:00,9906.8309,9906.8309
2026-08-19 18:35:00+00:00,9906.8309,9906.8309
2026-08-19 19:35:00+00:00,9906.8309,9906.8309
2026-08-19 20:35:00+00:00,9906.8309,9906.8309
2026-08-19 21:53:00+00:00,9906.8309,9906.8309
2026-08-19 22:53:00+00:00,9906.8309,9906.8309
2026-08-19 23:53:00+00:00,9906.8309,9906.8309
2026-08-20 00:53:00+00:00,9906.8309,9906.8309
2026-08-20 01:53:00+00:00,9906.8309,9906.8309
2026-08-20 02:53:00+00:00,9906.8309,9906.8309
2026-08-20 03:53:00+00:00,9906.8309,9906.8309
2026-08-20 04:53:00+00:00,9906.8309,9906.8309
2026-08-20 05:53:00+00:00,9906.8309,9906.8309
2026-08-20 06:53:00+00:00,9906.8309,9906.8309
2026-08-20 07:53:00+00:00,9906.8309,9906.8309
2026-08-20 08:53:00+00:00,9906.8309,9906.8309
2026-08-20 09:53:00+00:00,9906.8309,9906.8309
2026-08-20 10:53:00+00:00,9906.8309,9906.8309
2026-08-20 11:53:00+00:00,9906.8309,9906.8309
2026-08-20 12:53:00+00:00,9906.8309,9906.8309
2026-08-20 13:53:00+00:00,9906.8309,9906.8309
2026-08-20 14:53:00+00:00,9906.8309,9906.8309
2026-08-20 15:53:00+00:00,9906.8309,9906.8309
2026-08-20 16:53:00+00:00,9906.8309,9906.8309
2026-08-20 17:53:00+00:00,9906.8309,9906.8309
2026-08-20 18:53:00+00:00,9906.8309,9906.8309
2026-08-20 19:53:00+00:00,9906.8309,9906.8309
2026-08-20 20:53:00+00:00,9906.8309,9906.8309
2026-08-20 22:07:00+00:00,9906.8309,9906.8309
2026-08-20 23:07:00+00:00,9906.8309,9906.8309
2026-08-21 00:07:00+00:00,9906.8309,9906.8309
2026-08-21 01:07:00+00:00,9906.8309,9906.8309
2026-08-21 02:07:00+00:00,9906.8309,9906.8309
2026-08-21 03:07:00+00:00,9906.8309,9906.8309
2026-08-21 04:07:00+00:00,9906.8309,9906.8309
2026-08-21 05:07:00+00:00,9906.8309,9906.8309
2026-08-21 06:07:00+00:00,9906.8309,9906.8309
2026-08-21 07:07:00+00:00,9906.8309,9906.8309
2026-08-21 08:07:00+00:00,9906.8309,9906.8309
2026-08-21 09:07:00+00:00,9906.8309,9906.8309
2026-08-21 10:07:00+00:00,9906.8309,9906.8309
2026-08-21 11:07:00+00:00,9906.8309,9906.8309
2026-08-21 12:07:00+00:00,9906.8309,9906.8309
2026-08-21 13:07:00+00:00,9906.8309,9906.8309
2026-08-21 14:07:00+00:00,9906.8309,9906.8309
2026-08-21 15:07:00+00:00,9906.8309,9906.8309
2026-08-21 16:07:00+00:00,9906.8309,9906.8309
2026-08-21 17:07:00+00:00,9906.8309,9906.8309
2026-08-21 18:07:00+00:00,9906.8309,9906.8309
2026-08-21 19:07:00+00:00,9906.8309,9906.8309
2026-08-21 20:07:00+00:00,9906.8309,9906.8309
2026-08-23 21:18:00+00:00,9906.8309,9906.8309
2026-08-23 22:18:00+00:00,9906.8309,9906.8309
2026-08-23 23:18:00+00:00,9906.8309,9906.8309
2026-08-24 00:18:00+00:00,9906.8309,9906.8309
2026-08-24 01:18:00+00:00,9906.8309,9906.8309
2026-08-24 02:18:00+00:00,9906.8309,9906.8309
2026-08-24 03:18:00+00:00,9906.8309,9906.8309
2026-08-24 04:18:00+00:00,9906.8309,9906.8309
2026-08-24 05:18:00+00:00,9906.8309,9906.8309
2026-08-24 06:18:00+00:00,9906.8309,9906.8309
2026-08-24 07:18:00+00:00,9906.8309,9906.8309
2026-08-24 08:18:00+00:00,9906.8309,9906.8309
2026-08-24 09:18:00+00:00,9906.8309,9906.8309
2026-08-24 10:18:00+00:00,9906.8309,9906.8309
2026-08-24 11:18:00+00:00,9906.8309,9906.8309
2026-08-24 12:18:00+00:00,9906.8309,9906.8309
2026-08-24 13:18:00+00:00,9906.8309,9906.8309
2026-08-24 14:18:00+00:00,9906.8309,9906.8309
2026-08-24 15:18:00+00:00,9895.8659,9906.4059
2026-08-24 16:18:00+00:00,9894.8459,9906.4059
2026-08-24 17:18:00+00:00,9903.1759,9906.4059
2026-08-24 18:18:00+00:00,9906.9159,9906.4059
2026-08-24 19:18:00+00:00,9907.0859,9906.4059
2026-08-24 20:18:00+00:00,9904.1959,9906.4059
2026-08-24 21:33:00+00:00,9904.0259,9906.4059
2026-08-24 22:33:00+00:00,9901.7462,9906.5062
2026-08-24 23:33:00+00:00,9901.9162,9906.5062
2026-08-25 00:33:00+00:00,9894.7762,9906.5062
2026-08-25 01:33:00+00:00,9899.5362,9906.5062
2026-08-25 02:33:00+00:00,9905.3162,9906.5062
2026-08-25 03:33:00+00:00,9910.2462,9906.5062
2026-08-25 04:33:00+00:00,9916.1962,9906.5062
2026-08-25 05:33:00+00:00,9915.8562,9906.5062
2026-08-25 06:33:00+00:00,9911.9462,9906.5062
2026-08-25 07:33:00+00:00,9911.7762,9906.5062
2026-08-25 08:33:00+00:00,9905.3162,9906.5062
2026-08-25 09:33:00+00:00,9889.5562,9906.2062
2026-08-25 10:33:00+00:00,9894.7262,9906.2062
2026-08-25 11:33:00+00:00,9885.1862,9906.2062
2026-08-25 12:33:00+00:00,9883.6662,9906.2062
2026-08-25 13:33:00+00:00,9865.8858,9880.6758
2026-08-25 14:33:00+00:00,9865.8858,9880.6758
2026-08-25 15:33:00+00:00,9861.9758,9880.6758
2026-08-25 16:33:00+00:00,9866.5658,9880.6758
2026-08-25 17:33:00+00:00,9866.2258,9880.6758
2026-08-25 18:33:00+00:00,9859.0858,9880.6758
2026-08-25 19:33:00+00:00,9854.7213,9854.7213
2026-08-25 20:33:00+00:00,9847.7463,9854.3463
2026-08-25 21:51:00+00:00,9841.8963,9854.3463
2026-08-25 22:51:00+00:00,9847.1373,9852.6873
2026-08-25 23:51:00+00:00,9842.6373,9852.6873
2026-08-26 00:51:00+00:00,9843.5373,9852.6873
2026-08-26 01:51:00+00:00,9838.7373,9852.6873
2026-08-26 02:51:00+00:00,9837.0873,9852.6873
2026-08-26 03:51:00+00:00,9828.0870,9828.0870
2026-08-26 04:51:00+00:00,9828.0870,9828.0870
2026-08-26 05:51:00+00:00,9828.0870,9828.0870
2026-08-26 06:51:00+00:00,9818.7370,9827.5370
2026-08-26 07:51:00+00:00,9801.8684,9801.8684
2026-08-26 08:51:00+00:00,9801.8684,9801.8684
2026-08-26 09:51:00+00:00,9790.2584,9801.4184
2026-08-26 10:51:00+00:00,9779.4134,9782.9834
2026-08-26 11:51:00+00:00,9752.2884,9782.5584
2026-08-26 12:51:00+00:00,9731.4047,9731.4047
2026-08-26 13:51:00+00:00,9731.4047,9731.4047
2026-08-26 14:51:00+00:00,9731.4047,9731.4047
2026-08-26 15:51:00+00:00,9731.4047,9731.4047
2026-08-26 16:51:00+00:00,9731.4047,9731.4047
2026-08-26 17:51:00+00:00,9731.4047,9731.4047
2026-08-26 18:51:00+00:00,9731.4047,9731.4047
2026-08-26 19:51:00+00:00,9731.4047,9731.4047
2026-08-26 20:51:00+00:00,9731.4047,9731.4047
2026-08-26 22:09:00+00:00,9731.4047,9731.4047
2026-08-26 23:09:00+00:00,9731.4047,9731.4047
2026-08-27 00:09:00+00:00,9731.4047,9731.4047
2026-08-27 01:09:00+00:00,9731.4047,9731.4047
2026-08-27 02:09:00+00:00,9731.4047,9731.4047
2026-08-27 03:09:00+00:00,9731.4047,9731.4047
2026-08-27 04:09:00+00:00,9731.4047,9731.4047
2026-08-27 05:09:00+00:00,9731.4047,9731.4047
2026-08-27 06:09:00+00:00,9731.4047,9731.4047
2026-08-27 07:09:00+00:00,9731.4047,9731.4047
2026-08-27 08:09:00+00:00,9731.4047,9731.4047
2026-08-27 09:09:00+00:00,9731.4047,9731.4047
2026-08-27 10:09:00+00:00,9731.4047,9731.4047
2026-08-27 11:09:00+00:00,9731.4047,9731.4047
2026-08-27 12:09:00+00:00,9731.4047,9731.4047
2026-08-27 13:09:00+00:00,9731.4047,9731.4047
2026-08-27 14:09:00+00:00,9731.4047,9731.4047
2026-08-27 15:09:00+00:00,9731.4047,9731.4047
2026-08-27 16:09:00+00:00,9731.4047,9731.4047
2026-08-27 17:09:00+00:00,9731.4047,9731.4047
2026-08-27 18:09:00+00:00,9731.4047,9731.4047
2026-08-27 19:09:00+00:00,9731.4047,9731.4047
2026-08-27 20:09:00+00:00,9731.4047,9731.4047
2026-08-27 21:22:00+00:00,9731.4047,9731.4047
2026-08-27 22:22:00+00:00,9731.4047,9731.4047
2026-08-27 23:22:00+00:00,9731.4047,9731.4047
2026-08-28 00:22:00+00:00,9731.4047,9731.4047
2026-08-28 01:22:00+00:00,9731.4047,9731.4047
2026-08-28 02:22:00+00:00,9731.4047,9731.4047
2026-08-28 03:22:00+00:00,9731.4047,9731.4047
2026-08-28 04:22:00+00:00,9731.4047,9731.4047
2026-08-28 05:22:00+00:00,9731.4047,9731.4047
2026-08-28 06:22:00+00:00,9731.4047,9731.4047
2026-08-28 07:22:00+00:00,9731.4047,9731.4047
2026-08-28 08:22:00+00:00,9731.4047,9731.4047
2026-08-28 09:22:00+00:00,9731.4047,9731.4047
2026-08-28 10:22:00+00:00,9731.4047,9731.4047
2026-08-28 11:22:00+00:00,9731.4047,9731.4047
2026-08-28 12:22:00+00:00,9731.4047,9731.4047
2026-08-28 13:22:00+00:00,9731.4047,9731.4047
2026-08-28 14:22:00+00:00,9731.4047,9731.4047
2026-08-28 15:22:00+00:00,9731.4047,9731.4047
2026-08-28 16:22:00+00:00,9731.4047,9731.4047
2026-08-28 17:22:00+00:00,9731.4047,9731.4047
2026-08-28 18:22:00+00:00,9731.4047,9731.4047
2026-08-28 19:22:00+00:00,9731.4047,9731.4047
2026-08-28 20:22:00+00:00,9731.4047,9731.4047
2026-08-30 21:32:00+00:00,9731.4047,9731.4047
2026-08-30 22:33:00+00:00,9731.4047,9731.4047
2026-08-30 23:33:00+00:00,9731.4047,9731.4047
2026-08-31 00:33:00+00:00,9731.4047,9731.4047
2026-08-31 01:33:00+00:00,9731.4047,9731.4047
2026-08-31 02:33:00+00:00,9731.4047,9731.4047
2026-08-31 03:33:00+00:00,9731.4047,9731.4047
2026-08-31 04:33:00+00:00,9731.4047,9731.4047
2026-08-31 05:33:00+00:00,9731.4047,9731.4047
2026-08-31 06:33:00+00:00,9731.4047,9731.4047
2026-08-31 07:33:00+00:00,9731.4047,9731.4047
2026-08-31 08:33:00+00:00,9731.4047,9731.4047
2026-08-31 09:33:00+00:00,9731.4047,9731.4047
2026-08-31 10:33:00+00:00,9731.4047,9731.4047
2026-08-31 11:33:00+00:00,9731.4047,9731.4047
2026-08-31 12:33:00+00:00,9731.4047,9731.4047
2026-08-31 13:33:00+00:00,9731.4047,9731.4047
2026-08-31 14:33:00+00:00,9731.4047,9731.4047
2026-08-31 15:33:00+00:00,9731.4047,9731.4047
2026-08-31 16:33:00+00:00,9731.4047,9731.4047
2026-08-31 17:33:00+00:00,9731.4047,9731.4047
2026-08-31 18:33:00+00:00,9731.4047,9731.4047
2026-08-31 19:33:00+00:00,9731.4047,9731.4047
2026-08-31 20:33:00+00:00,9731.4047,9731.4047
2026-08-31 21:49:00+00:00,9731.4047,9731.4047
2026-08-31 22:49:00+00:00,9731.4047,9731.4047
2026-08-31 23:49:00+00:00,9731.4047,9731.4047
2026-09-01 00:49:00+00:00,9731.4047,9731.4047
2026-09-01 01:49:00+00:00,9731.4047,9731.4047
2026-09-01 02:49:00+00:00,9731.4047,9731.4047
2026-09-01 03:49:00+00:00,9731.4047,9731.4047
2026-09-01 04:49:00+00:00,9731.4047,9731.4047
2026-09-01 05:49:00+00:00,9731.4047,9731.4047
2026-09-01 06:49:00+00:00,9731.4047,9731.4047
2026-09-01 07:49:00+00:00,9731.4047,9731.4047
2026-09-01 08:49:00+00:00,9731.4047,9731.4047
2026-09-01 09:49:00+00:00,9731.4047,9731.4047
2026-09-01 10:49:00+00:00,9731.4047,9731.4047
2026-09-01 11:49:00+00:00,9731.4047,9731.4047
2026-09-01 12:49:00+00:00,9731.4047,9731.4047
2026-09-01 13:49:00+00:00,9731.4047,9731.4047
2026-09-01 14:49:00+00:00,9731.4047,9731.4047
2026-09-01 15:49:00+00:00,9731.4047,9731.4047
2026-09-01 16:49:00+00:00,9731.4047,9731.4047
2026-09-01 17:49:00+00:00,9731.4047,9731.4047
2026-09-01 18:49:00+00:00,9731.4047,9731.4047
2026-09-01 19:49:00+00:00,9731.4047,9731.4047
2026-09-01 20:49:00+00:00,9731.4047,9731.4047
2026-09-01 22:05:00+00:00,9731.4047,9731.4047
2026-09-01 23:05:00+00:00,9731.4047,9731.4047
2026-09-02 00:05:00+00:00,9731.4047,9731.4047
2026-09-02 01:05:00+00:00,9731.4047,9731.4047
2026-09-02 02:05:00+00:00,9731.4047,9731.4047
2026-09-02 03:05:00+00:00,9731.4047,9731.4047
2026-09-02 04:05:00+00:00,9731.4047,9731.4047
2026-09-02 05:05:00+00:00,9731.4047,9731.4047
2026-09-02 06:05:00+00:00,9731.4047,9731.4047
2026-09-02 07:05:00+00:00,9731.4047,9731.4047
2026-09-02 08:05:00+00:00,9731.4047,9731.4047
2026-09-02 09:05:00+00:00,9731.4047,9731.4047
2026-09-02 10:05:00+00:00,9731.4047,9731.4047
2026-09-02 11:05:00+00:00,9731.4047,9731.4047
2026-09-02 12:05:00+00:00,9731.4047,9731.4047
2026-09-02 13:05:00+00:00,9731.4047,9731.4047
2026-09-02 14:05:00+00:00,9731.4047,9731.4047
2026-09-02 15:05:00+00:00,9731.4047,9731.4047
2026-09-02 16:05:00+00:00,9731.4047,9731.4047
2026-09-02 17:05:00+00:00,9731.4047,9731.4047
2026-09-02 18:05:00+00:00,9731.4047,9731.4047
2026-09-02 19:05:00+00:00,9731.4047,9731.4047
2026-09-02 20:05:00+00:00,9731.4047,9731.4047
2026-09-02 21:28:00+00:00,9731.4047,9731.4047
2026-09-02 22:28:00+00:00,9731.4047,9731.4047
2026-09-02 23:28:00+00:00,9731.4047,9731.4047
2026-09-03 00:28:00+00:00,9731.4047,9731.4047
2026-09-03 01:28:00+00:00,9731.4047,9731.4047
2026-09-03 02:28:00+00:00,9731.4047,9731.4047
2026-09-03 03:28:00+00:00,9731.4047,9731.4047
2026-09-03 04:28:00+00:00,9731.4047,9731.4047
2026-09-03 05:28:00+00:00,9731.4047,9731.4047
2026-09-03 06:28:00+00:00,9731.4047,9731.4047
2026-09-03 07:28:00+00:00,9731.4047,9731.4047
2026-09-03 08:28:00+00:00,9731.4047,9731.4047
2026-09-03 09:28:00+00:00,9715.7947,9731.0547
2026-09-03 10:28:00+00:00,9712.8547,9731.0547
2026-09-03 11:28:00+00:00,9724.8947,9731.0547
2026-09-03 12:28:00+00:00,9724.7547,9731.0547
2026-09-03 13:28:00+00:00,9742.9547,9731.0547
2026-09-03 14:28:00+00:00,9743.9347,9731.0547
2026-09-03 15:28:00+00:00,9744.9147,9731.0547
2026-09-03 16:28:00+00:00,9761.0147,9731.0547
2026-09-03 17:28:00+00:00,9762.4147,9731.0547
2026-09-03 18:28:00+00:00,9761.9947,9731.0547
2026-09-03 19:28:00+00:00,9749.3947,9731.0547
2026-09-03 20:28:00+00:00,9749.6747,9731.0547
2026-09-03 21:49:00+00:00,9746.0347,9731.0547
2026-09-03 22:49:00+00:00,9744.9063,9729.5063
2026-09-03 23:49:00+00:00,9748.8263,9729.5063
2026-09-04 00:49:00+00:00,9751.3463,9729.5063
2026-09-04 01:49:00+00:00,9751.2063,9729.5063
2026-09-04 02:49:00+00:00,9750.9263,9729.5063
2026-09-04 03:49:00+00:00,9742.9463,9729.5063
2026-09-04 04:49:00+00:00,9747.9863,9729.5063
2026-09-04 05:49:00+00:00,9748.5463,9729.5063
2026-09-04 06:49:00+00:00,9750.5063,9729.5063
2026-09-04 07:49:00+00:00,9749.6663,9729.5063
2026-09-04 08:49:00+00:00,9744.6263,9729.5063
2026-09-04 09:49:00+00:00,9739.3063,9729.5063
2026-09-04 10:49:00+00:00,9740.4263,9729.5063
2026-09-04 11:49:00+00:00,9740.7063,9729.5063
2026-09-04 12:49:00+00:00,9703.9044,9703.9044
2026-09-04 13:49:00+00:00,9703.9044,9703.9044
2026-09-04 14:49:00+00:00,9703.9044,9703.9044
2026-09-04 15:49:00+00:00,9703.9044,9703.9044
2026-09-04 16:49:00+00:00,9703.9044,9703.9044
2026-09-04 17:49:00+00:00,9703.9044,9703.9044
2026-09-04 18:49:00+00:00,9703.9044,9703.9044
2026-09-04 19:49:00+00:00,9703.9044,9703.9044
2026-09-04 20:49:00+00:00,9703.9044,9703.9044
2026-09-06 22:01:00+00:00,9703.9044,9703.9044
2026-09-06 23:02:00+00:00,9703.9044,9703.9044
2026-09-07 00:02:00+00:00,9703.9044,9703.9044
2026-09-07 01:02:00+00:00,9703.9044,9703.9044
2026-09-07 02:02:00+00:00,9703.9044,9703.9044
2026-09-07 03:02:00+00:00,9695.0144,9703.5544
2026-09-07 04:02:00+00:00,9692.3544,9703.5544
2026-09-07 05:02:00+00:00,9689.6944,9703.5544
2026-09-07 06:02:00+00:00,9678.8393,9678.8393
2026-09-07 07:02:00+00:00,9678.8393,9678.8393
2026-09-07 08:02:00+00:00,9669.9843,9678.5643
2026-09-07 09:02:00+00:00,9673.3943,9678.5643
2026-09-07 10:02:00+00:00,9675.8143,9678.5643
2026-09-07 11:02:00+00:00,9677.6843,9678.5643
2026-09-07 12:02:00+00:00,9670.0943,9678.5643
2026-09-07 13:02:00+00:00,9678.8943,9678.5643
2026-09-07 14:02:00+00:00,9678.1243,9678.5643
2026-09-07 15:02:00+00:00,9686.4843,9678.5643
2026-09-07 16:02:00+00:00,9678.8943,9678.5643
2026-09-07 17:02:00+00:00,9685.4943,9678.5643
2026-09-07 18:02:00+00:00,9683.4043,9678.5643
2026-09-07 19:02:00+00:00,9681.8643,9678.5643
2026-09-07 20:02:00+00:00,9680.1043,9678.5643
2026-09-07 21:16:00+00:00,9677.9043,9678.5643
2026-09-07 22:17:00+00:00,9682.6585,9677.8185
2026-09-07 23:17:00+00:00,9687.0585,9677.8185
2026-09-08 00:17:00+00:00,9681.7785,9677.8185
2026-09-08 01:17:00+00:00,9686.2885,9677.8185
2026-09-08 02:17:00+00:00,9684.4185,9677.8185
2026-09-08 03:17:00+00:00,9675.7285,9677.8185
2026-09-08 04:17:00+00:00,9675.8385,9677.8185
2026-09-08 05:17:00+00:00,9681.3385,9677.8185
2026-09-08 06:17:00+00:00,9683.4285,9677.8185
2026-09-08 07:17:00+00:00,9677.3785,9677.8185
2026-09-08 08:17:00+00:00,9662.0885,9677.8185
2026-09-08 09:17:00+00:00,9662.9685,9677.8185
2026-09-08 10:17:00+00:00,9667.4785,9677.8185
2026-09-08 11:17:00+00:00,9665.2785,9677.8185
2026-09-08 12:17:00+00:00,9682.2185,9677.8185
2026-09-08 13:17:00+00:00,9698.0585,9677.8185
2026-09-08 14:17:00+00:00,9685.7385,9677.8185
2026-09-08 15:17:00+00:00,9690.7985,9677.8185
2026-09-08 16:17:00+00:00,9673.5285,9677.8185
2026-09-08 17:17:00+00:00,9677.7085,9677.8185
2026-09-08 18:17:00+00:00,9679.1385,9677.8185
2026-09-08 19:17:00+00:00,9682.6585,9677.8185
2026-09-08 20:17:00+00:00,9679.2485,9677.8185
2026-09-08 21:31:00+00:00,9670.9985,9677.8185
2026-09-08 22:31:00+00:00,9680.4827,9677.0727
2026-09-08 23:31:00+00:00,9681.0327,9677.0727
2026-09-09 00:31:00+00:00,9685.4327,9677.0727
2026-09-09 01:31:00+00:00,9681.3627,9677.0727
2026-09-09 02:31:00+00:00,9681.9127,9677.0727
2026-09-09 03:31:00+00:00,9684.2227,9677.0727
2026-09-09 04:31:00+00:00,9688.1827,9677.0727
2026-09-09 05:31:00+00:00,9692.6927,9677.0727
2026-09-09 06:31:00+00:00,9700.5027,9677.0727
2026-09-09 07:31:00+00:00,9702.3727,9677.0727
2026-09-09 08:31:00+00:00,9684.9927,9677.0727
2026-09-09 09:31:00+00:00,9684.2227,9677.0727
2026-09-09 10:31:00+00:00,9673.1127,9677.0727
2026-09-09 11:31:00+00:00,9701.2727,9677.0727
2026-09-09 12:31:00+00:00,9693.5727,9677.0727
2026-09-09 13:31:00+00:00,9693.7927,9677.0727
2026-09-09 14:31:00+00:00,9702.3727,9677.0727
2026-09-09 15:31:00+00:00,9682.7927,9677.0727
2026-09-09 16:31:00+00:00,9688.6227,9677.0727
2026-09-09 17:31:00+00:00,9699.7327,9677.0727
2026-09-09 18:31:00+00:00,9693.5727,9677.0727
2026-09-09 19:31:00+00:00,9681.8027,9677.0727
2026-09-09 20:31:00+00:00,9685.2127,9677.0727
2026-09-09 21:41:00+00:00,9685.1027,9677.0727
2026-09-09 22:41:00+00:00,9687.9253,9674.8353
2026-09-09 23:41:00+00:00,9689.4653,9674.8353
2026-09-10 00:41:00+00:00,9685.0653,9674.8353
2026-09-10 01:41:00+00:00,9686.1653,9674.8353
2026-09-10 02:41:00+00:00,9693.9753,9674.8353
2026-09-10 03:41:00+00:00,9692.2153,9674.8353
2026-09-10 04:41:00+00:00,9694.5253,9674.8353
2026-09-10 05:41:00+00:00,9691.1153,9674.8353
2026-09-10 06:41:00+00:00,9694.5253,9674.8353
2026-09-10 07:41:00+00:00,9691.3353,9674.8353
2026-09-10 08:41:00+00:00,9688.3653,9674.8353
2026-09-10 09:41:00+00:00,9681.9853,9674.8353
2026-09-10 10:41:00+00:00,9674.0653,9674.8353
2026-09-10 11:41:00+00:00,9669.3353,9674.8353
2026-09-10 12:41:00+00:00,9650.2217,9650.2217
2026-09-10 13:41:00+00:00,9650.2217,9650.2217
2026-09-10 14:41:00+00:00,9608.6586,9623.6186
2026-09-10 15:41:00+00:00,9599.0591,9599.0591
2026-09-10 16:41:00+00:00,9599.0591,9599.0591
2026-09-10 17:41:00+00:00,9599.0591,9599.0591
2026-09-10 18:41:00+00:00,9599.0591,9599.0591
2026-09-10 19:41:00+00:00,9599.0591,9599.0591
2026-09-10 20:41:00+00:00,9599.0591,9599.0591
2026-09-10 21:53:00+00:00,9599.0591,9599.0591
2026-09-10 22:53:00+00:00,9599.0591,9599.0591
2026-09-10 23:53:00+00:00,9599.0591,9599.0591
2026-09-11 00:53:00+00:00,9599.0591,9599.0591
2026-09-11 01:53:00+00:00,9599.0591,9599.0591
2026-09-11 02:53:00+00:00,9599.0591,9599.0591
2026-09-11 03:53:00+00:00,9599.0591,9599.0591
2026-09-11 04:53:00+00:00,9599.0591,9599.0591
2026-09-11 05:53:00+00:00,9599.0591,9599.0591
2026-09-11 06:53:00+00:00,9599.0591,9599.0591
2026-09-11 07:53:00+00:00,9599.0591,9599.0591
2026-09-11 08:53:00+00:00,9599.0591,9599.0591
2026-09-11 09:53:00+00:00,9599.0591,9599.0591
2026-09-11 10:53:00+00:00,9599.0591,9599.0591
2026-09-11 11:53:00+00:00,9599.0591,9599.0591
2026-09-11 12:53:00+00:00,9599.0591,9599.0591
2026-09-11 13:53:00+00:00,9599.0591,9599.0591
2026-09-11 14:53:00+00:00,9599.0591,9599.0591
2026-09-11 15:53:00+00:00,9599.0591,9599.0591
2026-09-11 16:53:00+00:00,9599.0591,9599.0591
2026-09-11 17:53:00+00:00,9599.0591,9599.0591
2026-09-11 18:53:00+00:00,9599.0591,9599.0591
2026-09-11 19:53:00+00:00,9599.0591,9599.0591
2026-09-11 20:53:00+00:00,9599.0591,9599.0591
2026-09-13 22:03:00+00:00,9599.0591,9599.0591
2026-09-13 23:03:00+00:00,9599.0591,9599.0591
2026-09-14 00:03:00+00:00,9599.0591,9599.0591
2026-09-14 01:03:00+00:00,9599.0591,9599.0591
2026-09-14 02:03:00+00:00,9599.0591,9599.0591
2026-09-14 03:03:00+00:00,9599.0591,9599.0591
2026-09-14 04:03:00+00:00,9599.0591,9599.0591
2026-09-14 05:07:00+00:00,9599.0591,9599.0591
2026-09-14 06:07:00+00:00,9599.0591,9599.0591
2026-09-14 07:09:00+00:00,9599.0591,9599.0591
2026-09-14 08:09:00+00:00,9599.0591,9599.0591
2026-09-14 09:09:00+00:00,9599.0591,9599.0591
2026-09-14 10:09:00+00:00,9599.0591,9599.0591
2026-09-14 11:09:00+00:00,9599.0591,9599.0591
2026-09-14 12:09:00+00:00,9599.0591,9599.0591
2026-09-14 13:09:00+00:00,9599.0591,9599.0591
2026-09-14 14:09:00+00:00,9599.0591,9599.0591
2026-09-14 15:09:00+00:00,9599.0591,9599.0591
2026-09-14 16:09:00+00:00,9599.0591,9599.0591
2026-09-14 17:09:00+00:00,9599.0591,9599.0591
2026-09-14 18:09:00+00:00,9599.0591,9599.0591
2026-09-14 19:09:00+00:00,9599.0591,9599.0591
2026-09-14 20:09:00+00:00,9599.0591,9599.0591
2026-09-14 21:29:00+00:00,9599.0591,9599.0591
2026-09-14 22:29:00+00:00,9599.0591,9599.0591
2026-09-14 23:29:00+00:00,9599.0591,9599.0591
2026-09-15 00:29:00+00:00,9599.0591,9599.0591
2026-09-15 01:29:00+00:00,9599.0591,9599.0591
2026-09-15 02:29:00+00:00,9599.0591,9599.0591
2026-09-15 03:29:00+00:00,9599.0591,9599.0591
2026-09-15 04:29:00+00:00,9599.0591,9599.0591
2026-09-15 05:29:00+00:00,9599.0591,9599.0591
2026-09-15 06:29:00+00:00,9599.0591,9599.0591
2026-09-15 07:29:00+00:00,9599.0591,9599.0591
2026-09-15 08:29:00+00:00,9599.0591,9599.0591
2026-09-15 09:29:00+00:00,9599.0591,9599.0591
2026-09-15 10:29:00+00:00,9599.0591,9599.0591
2026-09-15 11:29:00+00:00,9599.0591,9599.0591
2026-09-15 12:29:00+00:00,9599.0591,9599.0591
2026-09-15 13:29:00+00:00,9599.0591,9599.0591
2026-09-15 14:29:00+00:00,9599.0591,9599.0591
2026-09-15 15:29:00+00:00,9599.0591,9599.0591
2026-09-15 16:29:00+00:00,9599.0591,9599.0591
2026-09-15 17:29:00+00:00,9599.0591,9599.0591
2026-09-15 18:29:00+00:00,9599.0591,9599.0591
2026-09-15 19:29:00+00:00,9599.0591,9599.0591
2026-09-15 20:29:00+00:00,9599.0591,9599.0591
2026-09-15 21:42:00+00:00,9599.0591,9599.0591
2026-09-15 22:42:00+00:00,9599.0591,9599.0591
2026-09-15 23:42:00+00:00,9599.0591,9599.0591
2026-09-16 00:42:00+00:00,9599.0591,9599.0591
2026-09-16 01:42:00+00:00,9599.0591,9599.0591
2026-09-16 02:42:00+00:00,9599.0591,9599.0591
2026-09-16 03:42:00+00:00,9599.0591,9599.0591
2026-09-16 04:42:00+00:00,9599.0591,9599.0591
2026-09-16 05:42:00+00:00,9599.0591,9599.0591
2026-09-16 06:42:00+00:00,9599.0591,9599.0591
2026-09-16 07:42:00+00:00,9599.0591,9599.0591
2026-09-16 08:42:00+00:00,9599.0591,9599.0591
2026-09-16 09:42:00+00:00,9599.0591,9599.0591
2026-09-16 10:42:00+00:00,9599.0591,9599.0591
2026-09-16 11:42:00+00:00,9599.0591,9599.0591
2026-09-16 12:42:00+00:00,9599.0591,9599.0591
2026-09-16 13:42:00+00:00,9599.0591,9599.0591
2026-09-16 14:42:00+00:00,9599.0591,9599.0591
2026-09-16 15:42:00+00:00,9599.0591,9599.0591
2026-09-16 16:42:00+00:00,9599.0591,9599.0591
2026-09-16 17:42:00+00:00,9599.0591,9599.0591
2026-09-16 18:42:00+00:00,9599.0591,9599.0591
2026-09-16 19:42:00+00:00,9599.0591,9599.0591
2026-09-16 20:42:00+00:00,9599.0591,9599.0591
2026-09-16 21:54:00+00:00,9599.0591,9599.0591
2026-09-16 22:54:00+00:00,9599.0591,9599.0591
2026-09-16 23:54:00+00:00,9599.0591,9599.0591
2026-09-17 00:54:00+00:00,9599.0591,9599.0591
2026-09-17 01:54:00+00:00,9599.0591,9599.0591
2026-09-17 02:54:00+00:00,9599.0591,9599.0591
2026-09-17 03:54:00+00:00,9599.0591,9599.0591
2026-09-17 04:54:00+00:00,9599.0591,9599.0591
2026-09-17 05:54:00+00:00,9599.0591,9599.0591
2026-09-17 06:54:00+00:00,9599.0591,9599.0591
2026-09-17 07:54:00+00:00,9599.0591,9599.0591
2026-09-17 08:54:00+00:00,9599.0591,9599.0591
2026-09-17 09:54:00+00:00,9599.0591,9599.0591
2026-09-17 10:54:00+00:00,9599.0591,9599.0591
2026-09-17 11:54:00+00:00,9599.0591,9599.0591
2026-09-17 12:54:00+00:00,9599.0591,9599.0591
2026-09-17 13:54:00+00:00,9599.0591,9599.0591
2026-09-17 14:54:00+00:00,9599.0591,9599.0591
2026-09-17 15:54:00+00:00,9599.0591,9599.0591
2026-09-17 16:54:00+00:00,9599.0591,9599.0591
2026-09-17 17:54:00+00:00,9599.0591,9599.0591
2026-09-17 18:54:00+00:00,9599.0591,9599.0591
2026-09-17 19:54:00+00:00,9599.0591,9599.0591
2026-09-17 20:06:00+00:00,9599.0591,9599.0591
